[
  {
    "reviewerFirstName": "Pretty",
    "reviewerLastName": "Antony",
    "reviewerEmail": null,
    "reviewText": "sdfsdfsdf",
    "rating": "1",
    "bookName": "Harry Potter Part 4",
    "authorName": "wefwsef",
    "publicationYear": "2000",
    "genre": "Poetry"
  },
  {
    "reviewerFirstName": "Pretty",
    "reviewerLastName": "Antony",
    "reviewerEmail": null,
    "reviewText": "qwqweqwe",
    "rating": "5",
    "bookName": "Harry Potter Part 4",
    "authorName": "wefwsef",
    "publicationYear": "2000",
    "genre": "Poetry"
  },
  {
    "reviewerFirstName": "Pretty",
    "reviewerLastName": "Antony",
    "reviewerEmail": "Pantony5790@conestogac.on.ca",
    "reviewText": null,
    "rating": "5",
    "bookName": "Harry Potter Part 4",
    "authorName": "wefwsef",
    "publicationYear": "2000",
    "genre": "Poetry"
  },
  {
    "reviewerFirstName": "Pretty",
    "reviewerLastName": "Antony",
    "reviewerEmail": "Pantony5790@conestogac.on.ca",
    "reviewText": "ssdfsdfs",
    "rating": "3",
    "bookName": "Harry Potter Part 4",
    "authorName": "wefwsef",
    "publicationYear": "2000",
    "genre": "Poetry"
  },
  {
    "reviewerFirstName": "Pretty",
    "reviewerLastName": "Antony",
    "reviewerEmail": "Pantony5790@conestogac.on.ca",
    "reviewText": "sdsdfsdfsdf",
    "rating": "1",
    "bookName": "Harry Potter Part 4",
    "authorName": "wefwsef",
    "publicationYear": "2000",
    "genre": "Poetry"
  },
  {
    "reviewerFirstName": "Pretty",
    "reviewerLastName": "Antony",
    "reviewerEmail": "Pantony5790@conestogac.on.ca",
    "reviewText": "Hello world",
    "rating": "5",
    "bookName": "Harry Potter Part 4",
    "authorName": "wefwsef",
    "publicationYear": "2000",
    "genre": "Poetry"
  },
  {
    "reviewerFirstName": "Pretty",
    "reviewerLastName": "Antony",
    "reviewerEmail": "Pantony5790@conestogac.on.ca",
    "reviewText": "sdsdfsdf",
    "rating": "1",
    "bookName": "Harry Potter Part 4",
    "authorName": "wefwsef",
    "publicationYear": "2000",
    "genre": "Poetry"
  },
  {
    "reviewerFirstName": "Pretty",
    "reviewerLastName": "Antony",
    "reviewerEmail": "Pantony5790@conestogac.on.ca",
    "reviewText": "cvbbxcvx",
    "rating": "1",
    "bookName": "Harry Potter Part 4",
    "authorName": "wefwsef",
    "publicationYear": "2000",
    "genre": "Poetry"
  }
]